-- Seed Data for LEMS (AUCDT 2025)

USE tuc_wms_db;

-- Clean existing tables
SET FOREIGN_KEY_CHECKS = 0;
TRUNCATE TABLE wms_lems_evaluation_ratings;
TRUNCATE TABLE wms_lems_evaluations;
TRUNCATE TABLE wms_lems_course_lecturers;
TRUNCATE TABLE wms_lems_courses;
TRUNCATE TABLE wms_lems_lecturers;
TRUNCATE TABLE wms_lems_programmes;
SET FOREIGN_KEY_CHECKS = 1;

-- Insert wms_lems_programmes
INSERT INTO wms_lems_programmes (id, name, code, description) VALUES
(1, 'B.Tech Digital Media and Communication Design', 'DMCD', 'B.Tech Digital Media and Communication Design'),
(2, 'B.Tech Fashion Design Technology', 'FDT', 'B.Tech Fashion Design Technology'),
(3, 'Certificate Fashion Design Technology', 'FDT', 'Certificate Fashion Design Technology'),
(4, 'B.A. Jewellery Design Technology', 'JDT', 'B.A. Jewellery Design Technology'),
(5, 'Diploma Jewellery Design Technology', 'JDT', 'Diploma Jewellery Design Technology'),
(6, 'B.A. Product Design & Entrepreneurship', 'PDE', 'B.A. Product Design & Entrepreneurship'),
(7, 'Diploma Product Design', 'PDE', 'Diploma Product Design');

-- Insert wms_lems_lecturers
INSERT INTO wms_lems_lecturers (id, first_name, last_name, email, department) VALUES
(1, 'Dr.', 'Addo', 'addo@techbridge.edu.gh', 'Design & Technology'),
(2, 'Mr.', 'Daitey', 'daitey@techbridge.edu.gh', 'Design & Technology'),
(3, 'Mr.', 'Boateng', 'boateng@techbridge.edu.gh', 'Design & Technology'),
(4, 'Mr.', 'Agbosu', 'agbosu@techbridge.edu.gh', 'Design & Technology'),
(5, 'Mr.', 'Ahiabu', 'ahiabu@techbridge.edu.gh', 'Design & Technology'),
(6, 'Mr.', 'Wellington', 'wellington@techbridge.edu.gh', 'Design & Technology'),
(7, 'Mr.', 'Buchag', 'buchag@techbridge.edu.gh', 'Design & Technology'),
(8, 'Ms.', 'Kushitor', 'kushitor@techbridge.edu.gh', 'Design & Technology'),
(9, 'Ms.', 'Oduro', 'oduro@techbridge.edu.gh', 'Design & Technology'),
(10, 'Mr.', 'Nutifafa', 'nutifafa@techbridge.edu.gh', 'Design & Technology'),
(11, 'Ms.', 'Takyi', 'takyi@techbridge.edu.gh', 'Design & Technology'),
(12, 'Ms.', 'Honu', 'honu@techbridge.edu.gh', 'Design & Technology'),
(13, 'Mr.', 'Adjacodjoe', 'adjacodjoe@techbridge.edu.gh', 'Design & Technology'),
(14, 'Mr.', 'Ntim Pipim', 'ntim_pipim@techbridge.edu.gh', 'Design & Technology'),
(15, 'Mr.', 'Morrison', 'morrison@techbridge.edu.gh', 'Design & Technology'),
(16, 'Mr.', 'Ofori', 'ofori@techbridge.edu.gh', 'Design & Technology'),
(17, 'Dr.', 'Sackey', 'sackey@techbridge.edu.gh', 'Design & Technology'),
(18, 'Mr.', 'Tattah', 'tattah@techbridge.edu.gh', 'Design & Technology'),
(19, 'Mr.', 'Amevor', 'amevor@techbridge.edu.gh', 'Design & Technology'),
(20, 'Ms.', 'Vivian Yeboah', 'vivian_yeboah@techbridge.edu.gh', 'Design & Technology'),
(21, 'Mr.', 'Owusu', 'owusu@techbridge.edu.gh', 'Design & Technology'),
(22, 'Mrs.', 'Elsie Mills', 'mills@techbridge.edu.gh', 'Design & Technology'),
(23, 'Ms.', 'Doris Boakyewaa', 'boakyewaa@techbridge.edu.gh', 'Design & Technology');

-- Insert wms_lems_courses
INSERT INTO wms_lems_courses (id, name, code, description, semester, programme_id) VALUES
(1, 'AUCDT 115 - Intro to African Art & Culture', 'aucdt_115', 'AUCDT 115 - Intro to African Art & Culture', 1, 1),
(2, 'AUCDT 116 - Intro to Communication Skills', 'aucdt_116', 'AUCDT 116 - Intro to Communication Skills', 1, 1),
(3, 'DMCD 112 - Basic Design', 'dmcd_112', 'DMCD 112 - Basic Design', 1, 1),
(4, 'AUCDT 114 - Basic Drawing', 'aucdt_114', 'AUCDT 114 - Basic Drawing', 1, 1),
(5, 'AUCDT 117 - Intro to Info & Comm Tech', 'aucdt_117', 'AUCDT 117 - Intro to Info & Comm Tech', 1, 1),
(6, 'DMCD 113 - Intro to Communication Design', 'dmcd_113', 'DMCD 113 - Intro to Communication Design', 1, 1),
(7, 'DMCD 111 - Intro to Digital Media', 'dmcd_111', 'DMCD 111 - Intro to Digital Media', 1, 1),
(8, 'DMCD 114 - Intro to Comp Graphics Apps', 'dmcd_114_graph', 'DMCD 114 - Intro to Comp Graphics Apps', 1, 1),
(9, 'DMCD 122 - Idea Development Techniques', 'dmcd_122', 'DMCD 122 - Idea Development Techniques', 2, 1),
(10, 'DMCD 121 - Basic Programming', 'dmcd_121', 'DMCD 121 - Basic Programming', 2, 1),
(11, 'DMCD 125 - Intro to Typography', 'dmcd_125', 'DMCD 125 - Intro to Typography', 2, 1),
(12, 'DMCD 126 - Image Manipulation', 'dmcd_126', 'DMCD 126 - Image Manipulation', 2, 1),
(13, 'DMCD 123 - Basic Rendering Techniques', 'dmcd_123', 'DMCD 123 - Basic Rendering Techniques', 2, 1),
(14, 'DMCD 124 - Design History', 'dmcd_124', 'DMCD 124 - Design History', 2, 1),
(15, 'AUCDT 126 - Communication Skills', 'aucdt_126', 'AUCDT 126 - Communication Skills', 2, 1),
(16, 'AUCDT 127 - Info & Comm Tech', 'aucdt_127', 'AUCDT 127 - Info & Comm Tech', 2, 1),
(17, 'DMCD 236 - Intro to Animation', 'dmcd_236', 'DMCD 236 - Intro to Animation', 1, 1),
(18, 'DMCD 231 - Corporate Identity', 'dmcd_231', 'DMCD 231 - Corporate Identity', 1, 1),
(19, 'DMCD 232 - Print Design', 'dmcd_232', 'DMCD 232 - Print Design', 1, 1),
(20, 'DMCD 233 - Typography & Basic Layout', 'dmcd_233', 'DMCD 233 - Typography & Basic Layout', 1, 1),
(21, 'DMCD 235 - Print Production', 'dmcd_235', 'DMCD 235 - Print Production', 1, 1),
(22, 'DMCD 234 - Fundamentals of Photography', 'dmcd_234', 'DMCD 234 - Fundamentals of Photography', 1, 1),
(23, 'DMCD 237 - Intro to Production Mgmt', 'dmcd_237', 'DMCD 237 - Intro to Production Mgmt', 1, 1),
(24, 'DMCD 242 - Digital Print Technology', 'dmcd_242', 'DMCD 242 - Digital Print Technology', 1, 1),
(25, 'DMCD 244 - Digital Photography', 'dmcd_244', 'DMCD 244 - Digital Photography', 1, 1),
(26, 'DMCD 241 - Brand and Identity Systems', 'dmcd_241', 'DMCD 241 - Brand and Identity Systems', 1, 1),
(27, 'DMCD 245 - Digital Print Production', 'dmcd_245', 'DMCD 245 - Digital Print Production', 1, 1),
(28, 'DMCD 246 - Video Production & Motion', 'dmcd_246', 'DMCD 246 - Video Production & Motion', 1, 1),
(29, 'DMCD 243 - Web Design', 'dmcd_243', 'DMCD 243 - Web Design', 1, 1),
(30, 'DMCD 353 - Online Media Technology', 'dmcd_353', 'DMCD 353 - Online Media Technology', 1, 1),
(31, 'DMCD 352 - Advertising Design', 'dmcd_352', 'DMCD 352 - Advertising Design', 1, 1),
(32, 'DMCD 351 - Book & Magazine Design', 'dmcd_351', 'DMCD 351 - Book & Magazine Design', 1, 1),
(33, 'DMCD 354 - Animation', 'dmcd_354', 'DMCD 354 - Animation', 1, 1),
(34, 'DMCD 355 - Copywriting', 'dmcd_355', 'DMCD 355 - Copywriting', 1, 1),
(35, 'DMCD 357 - Motion Graphics', 'dmcd_357', 'DMCD 357 - Motion Graphics', 1, 1),
(36, 'DMCD 356 - Video Production', 'dmcd_356', 'DMCD 356 - Video Production', 1, 1),
(37, 'AUCDT 352 - Seminar in DMCD', 'aucdt_352', 'AUCDT 352 - Seminar in DMCD', 1, 1),
(38, 'AUCDT 351 - Intro to Entrepreneurship', 'aucdt_351', 'AUCDT 351 - Intro to Entrepreneurship', 1, 1),
(39, 'ACDT 352 - Research Methods', 'acdt_352', 'ACDT 352 - Research Methods', 1, 1),
(40, 'ACDT 351 - Industrial Attachment', 'acdt_351', 'ACDT 351 - Industrial Attachment', 1, 1),
(41, 'DMCD 471 - Sound Production', 'dmcd_471', 'DMCD 471 - Sound Production', 1, 1),
(42, 'DMCD 352 - Interactive Animation', 'dmcd_352_anim', 'DMCD 352 - Interactive Animation', 1, 1),
(43, 'DMCD 472 - Portfolio Development', 'dmcd_472', 'DMCD 472 - Portfolio Development', 1, 1),
(44, 'DMCD 473 - Video Post Production', 'dmcd_473', 'DMCD 473 - Video Post Production', 1, 1),
(45, 'DMCD 475 - Advertising Design Technology', 'dmcd_475', 'DMCD 475 - Advertising Design Technology', 1, 1),
(46, 'AUCDT 472 - Thesis / Project', 'aucdt_472', 'AUCDT 472 - Thesis / Project', 1, 1),
(47, 'AUCDT 471 - Entrepreneurship', 'aucdt_471', 'AUCDT 471 - Entrepreneurship', 1, 1),
(48, 'ACDT 115 - Intro to African Art & Culture', 'acdt_115_fdt', 'ACDT 115 - Intro to African Art & Culture', 1, 2),
(49, 'ACDT 116 - Communication Skills I', 'acdt_116_fdt', 'ACDT 116 - Communication Skills I', 1, 2),
(50, 'FDT 114 - Sewing Techniques', 'fdt_114', 'FDT 114 - Sewing Techniques', 1, 2),
(51, 'ACDT 114 - Basic Drawing', 'acdt_114_fdt', 'ACDT 114 - Basic Drawing', 1, 2),
(52, 'FDT 111 - Introduction to Fashion', 'fdt_111', 'FDT 111 - Introduction to Fashion', 1, 2),
(53, 'ACDT 117 - Info & Comm Tech I', 'acdt_117_fdt', 'ACDT 117 - Info & Comm Tech I', 1, 2),
(54, 'FDT 113 - Basic Pattern Technology', 'fdt_113', 'FDT 113 - Basic Pattern Technology', 1, 2),
(55, 'FDT 112 - Introduction to Textiles', 'fdt_112', 'FDT 112 - Introduction to Textiles', 1, 2),
(56, 'FDT 122 - Textile Design', 'fdt_122', 'FDT 122 - Textile Design', 2, 2),
(57, 'FDT 123 - Pattern Adaptation', 'fdt_123', 'FDT 123 - Pattern Adaptation', 2, 2),
(58, 'FDT 124 - Garment Construction', 'fdt_124', 'FDT 124 - Garment Construction', 2, 2),
(59, 'ACDT 126 - Communication Skills II', 'acdt_126_fdt', 'ACDT 126 - Communication Skills II', 2, 2),
(60, 'FDT 125 - Freehand Cutting', 'fdt_125', 'FDT 125 - Freehand Cutting', 2, 2),
(61, 'FDT 126 - Basic Design', 'fdt_126_fdt', 'FDT 126 - Basic Design', 2, 2),
(62, 'ACDT 127 - Info & Comm Tech II', 'acdt_127_fdt', 'ACDT 127 - Info & Comm Tech II', 2, 2),
(63, 'FDT 121 - Intro to Creative Design in Fashion', 'fdt_121_fdt', 'FDT 121 - Intro to Creative Design in Fashion', 2, 2),
(64, 'FDT 237 - Basic Computer Aided Design', 'fdt_237_fdt', 'FDT 237 - Basic Computer Aided Design', 1, 2),
(65, 'FDT 235 - Introduction to Fabric Studies', 'fdt_235_fdt', 'FDT 235 - Introduction to Fabric Studies', 1, 2),
(66, 'FDT 234 - Garment Technology I', 'fdt_234', 'FDT 234 - Garment Technology I', 1, 2),
(67, 'FDT 232 - Printed Textile Design Application', 'fdt_232_fdt', 'FDT 232 - Printed Textile Design Application', 1, 2),
(68, 'FDT 231 - Creative Design in Fashion', 'fdt_231_fdt', 'FDT 231 - Creative Design in Fashion', 1, 2),
(69, 'FDT 233 - Pattern Technology I', 'fdt_233_fdt', 'FDT 233 - Pattern Technology I', 1, 2),
(70, 'FDT 239 - Intro to Production Management', 'fdt_239', 'FDT 239 - Intro to Production Management', 1, 2),
(71, 'FDT 238 - Introduction to Fashion Accessories', 'fdt_238', 'FDT 238 - Introduction to Fashion Accessories', 1, 2),
(72, 'FDT 236 - Fashion Illustration', 'fdt_236_fdt', 'FDT 236 - Fashion Illustration', 1, 2),
(73, 'FDT 241 - Basic Fashion Design and Illustration', 'fdt_241_fdt', 'FDT 241 - Basic Fashion Design and Illustration', 1, 2),
(74, 'FDT 245 - Millinery Design and Production', 'fdt_245', 'FDT 245 - Millinery Design and Production', 1, 2),
(75, 'FDT 244 - Fabric Studies', 'fdt_244', 'FDT 244 - Fabric Studies', 1, 2),
(76, 'FDT 246 - Computer-Aided Design', 'fdt_246', 'FDT 246 - Computer-Aided Design', 1, 2),
(77, 'FDT 242 - Pattern Technology II', 'fdt_242', 'FDT 242 - Pattern Technology II', 1, 2),
(78, 'FDT 243 - Garment Technology II', 'fdt_243', 'FDT 243 - Garment Technology II', 1, 2),
(79, 'FDT 248 - Production Management', 'fdt_248', 'FDT 248 - Production Management', 1, 2),
(80, 'FDT 247 - Fashion Marketing', 'fdt_247_fdt', 'FDT 247 - Fashion Marketing', 1, 2),
(81, 'FDT 352 - Garment Decoration Techniques', 'fdt_352', 'FDT 352 - Garment Decoration Techniques', 1, 2),
(82, 'FDT 351 - Design and Illustration', 'fdt_351_fdt', 'FDT 351 - Design and Illustration', 1, 2),
(83, 'FDT 355 - Design & Production of Bags & Slippers', 'fdt_355', 'FDT 355 - Design & Production of Bags & Slippers', 1, 2),
(84, 'FDT 354 - Fashion Draping', 'fdt_354', 'FDT 354 - Fashion Draping', 1, 2),
(85, 'FDT 353 - Pattern Alteration', 'fdt_353_fdt', 'FDT 353 - Pattern Alteration', 1, 2),
(86, 'FDT 357 - Seminar in Fashion', 'fdt_357', 'FDT 357 - Seminar in Fashion', 1, 2),
(87, 'FDT 356 - Entrepreneurship I', 'fdt_356', 'FDT 356 - Entrepreneurship I', 1, 2),
(88, 'ACDT 352 - Research Methods', 'acdt_352_fdt', 'ACDT 352 - Research Methods', 1, 2),
(89, 'ACDT 351 - Industrial Attachment', 'acdt_351_fdt', 'ACDT 351 - Industrial Attachment', 1, 2),
(90, 'FDT 471 - Collection Development', 'fdt_471', 'FDT 471 - Collection Development', 1, 2),
(91, 'FDT 473 - Beauty Culture', 'fdt_473', 'FDT 473 - Beauty Culture', 1, 2),
(92, 'CFDT 235 - Intro to Fabric Studies', 'cfdt_235', 'CFDT 235 - Intro to Fabric Studies', 1, 3),
(93, 'CFDT 114 - Garment Construction', 'cfdt_114', 'CFDT 114 - Garment Construction', 1, 3),
(94, 'CFDT 247 - Fashion Marketing', 'cfdt_247', 'CFDT 247 - Fashion Marketing', 1, 3),
(95, 'CFDT 113 - Basic Pattern Technology', 'cfdt_113', 'CFDT 113 - Basic Pattern Technology', 1, 3),
(96, 'CFDT 236 - Fashion Illustration', 'cfdt_236', 'CFDT 236 - Fashion Illustration', 1, 3),
(97, 'CFDT 233 - Pattern Technology I', 'cfdt_233', 'CFDT 233 - Pattern Technology I', 1, 3),
(98, 'CFDT 234 - Garment Technology I', 'cfdt_234', 'CFDT 234 - Garment Technology I', 1, 3),
(99, 'ACDT 115 - Intro to African Art & Culture', 'acdt_115_jdt', 'ACDT 115 - Intro to African Art & Culture', 1, 4),
(100, 'ACDT 116 - Communication Skills I', 'acdt_116_jdt', 'ACDT 116 - Communication Skills I', 1, 4),
(101, 'ACDT 113 - Foundations in Technical Drawing', 'acdt_113_jdt', 'ACDT 113 - Foundations in Technical Drawing', 1, 4),
(102, 'ACDT 114 - Basic Drawing', 'acdt_114_jdt', 'ACDT 114 - Basic Drawing', 1, 4),
(103, 'BJDT 111 - Intro to Jewellery Design', 'bjdt_111', 'BJDT 111 - Intro to Jewellery Design', 1, 4),
(104, 'ACDT 117 - Info & Comm Tech I', 'acdt_117_jdt', 'ACDT 117 - Info & Comm Tech I', 1, 4),
(105, 'ACDT 112 - Workshop Safety Practices', 'acdt_112_jdt', 'ACDT 112 - Workshop Safety Practices', 1, 4),
(106, 'ACDT 231 - Intro to Entrepreneurship', 'acdt_231_jdt', 'ACDT 231 - Intro to Entrepreneurship', 1, 4),
(107, 'BJDT 232 - Basic Fabrication and Finishing', 'bjdt_232', 'BJDT 232 - Basic Fabrication and Finishing', 1, 4),
(108, 'BJDT 236 - 3D Modelling in Computer', 'bjdt_236', 'BJDT 236 - 3D Modelling in Computer', 1, 4),
(109, 'BJDT 233 - Alloy Calculation, Measuring and Marking', 'bjdt_233', 'BJDT 233 - Alloy Calculation, Measuring and Marking', 1, 4),
(110, 'BJDT 234 - Intro to Metallurgy', 'bjdt_234', 'BJDT 234 - Intro to Metallurgy', 1, 4),
(111, 'BJDT 231 - Concept Design and Modelling', 'bjdt_231_concept', 'BJDT 231 - Concept Design and Modelling', 1, 4),
(112, 'BJDT 235 - Refining, Assaying & Hallmarking', 'bjdt_235', 'BJDT 235 - Refining, Assaying & Hallmarking', 1, 4),
(113, 'BJDT 245 - Metallurgy', 'bjdt_245', 'BJDT 245 - Metallurgy', 1, 4),
(114, 'BJDT 241 - Practical Design and Modelling Processes', 'bjdt_241', 'BJDT 241 - Practical Design and Modelling Processes', 1, 4),
(115, 'BJDT 246 - Advanced Computer Application', 'bjdt_246', 'BJDT 246 - Advanced Computer Application', 1, 4),
(116, 'BJDT 244 - Jewellery Surface Coating Methods', 'bjdt_244', 'BJDT 244 - Jewellery Surface Coating Methods', 1, 4),
(117, 'BJDT 242 - Fabrication and Finishing Techniques', 'bjdt_242', 'BJDT 242 - Fabrication and Finishing Techniques', 1, 4),
(118, 'BJDT 243 - Jewellery Casting Methods', 'bjdt_243', 'BJDT 243 - Jewellery Casting Methods', 1, 4),
(119, 'ACDT 247 - Developing a New Venture', 'acdt_247_jdt', 'ACDT 247 - Developing a New Venture', 1, 4),
(120, 'BJDT 352 - Fabrication and Finishing Practices', 'bjdt_352_jdt', 'BJDT 352 - Fabrication and Finishing Practices', 1, 4),
(121, 'BJDT 353 - Intro to Gemmology', 'bjdt_353', 'BJDT 353 - Intro to Gemmology', 1, 4),
(122, 'BJDT 354 - Intro to Gem Setting', 'bjdt_354', 'BJDT 354 - Intro to Gem Setting', 1, 4),
(123, 'BJDT 351 - Advanced Designs and Modelling Techniques', 'bjdt_351', 'BJDT 351 - Advanced Designs and Modelling Techniques', 1, 4),
(124, 'ACDT 356 - Business Management and Sustainability', 'acdt_356_jdt', 'ACDT 356 - Business Management and Sustainability', 1, 4),
(125, 'BJDT 355 - Seminar in Jewellery', 'bjdt_355', 'BJDT 355 - Seminar in Jewellery', 1, 4),
(126, 'ACDT 352 - Research Methods', 'acdt_352_jdt', 'ACDT 352 - Research Methods', 1, 4),
(127, 'ACDT 351 - Industrial Attachment', 'acdt_351_jdt', 'ACDT 351 - Industrial Attachment', 1, 4),
(128, 'ACDT 115 - Intro to African Art & Culture', 'acdt_115_jdt_dip', 'ACDT 115 - Intro to African Art & Culture', 1, 5),
(129, 'ACDT 116 - Communication Skills I', 'acdt_116_jdt_dip', 'ACDT 116 - Communication Skills I', 1, 5),
(130, 'ACDT 113 - Foundations in Technical Drawing', 'acdt_113_jdt_dip', 'ACDT 113 - Foundations in Technical Drawing', 1, 5),
(131, 'ACDT 114 - Basic Drawing', 'acdt_114_jdt_dip', 'ACDT 114 - Basic Drawing', 1, 5),
(132, 'BJDT 111 - Intro to Jewellery Design', 'bjdt_111_dip', 'BJDT 111 - Intro to Jewellery Design', 1, 5),
(133, 'ACDT 117 - Info & Comm Tech I', 'acdt_117_jdt_dip', 'ACDT 117 - Info & Comm Tech I', 1, 5),
(134, 'ACDT 112 - Workshop Safety Practices', 'acdt_112_dip', 'ACDT 112 - Workshop Safety Practices', 1, 5),
(135, 'DJDT 231 - Fabrication and Finishing Practices', 'djdt_231', 'DJDT 231 - Fabrication and Finishing Practices', 1, 5),
(136, 'ACDT 236 - Advanced Computer Application in Jewellery', 'acdt_236_jdt_dip', 'ACDT 236 - Advanced Computer Application in Jewellery', 1, 5),
(137, 'DJDT 232 - Alloy Calculation, Measuring and Marking', 'djdt_232', 'DJDT 232 - Alloy Calculation, Measuring and Marking', 1, 5),
(138, 'DJDT 233 - Intro to Metallurgy', 'djdt_233', 'DJDT 233 - Intro to Metallurgy', 1, 5),
(139, 'ACDT 237 - Research Methodology', 'acdt_237_jdt_dip', 'ACDT 237 - Research Methodology', 1, 5),
(140, 'ACDT 115 - Intro to African Art & Culture', 'acdt_115_pde', 'ACDT 115 - Intro to African Art & Culture', 1, 6),
(141, 'ACDT 116 - Communication Skills I', 'acdt_116_pde', 'ACDT 116 - Communication Skills I', 1, 6),
(142, 'ACDT 113 - Technical Drawing', 'acdt_113_pde', 'ACDT 113 - Technical Drawing', 1, 6),
(143, 'ACDT 114 - Basic Drawing', 'acdt_114_pde', 'ACDT 114 - Basic Drawing', 1, 6),
(144, 'BPDE 111 - Intro to Industrial/Product Design', 'bpde_111', 'BPDE 111 - Intro to Industrial/Product Design', 1, 6),
(145, 'ACDT 117 - Info & Comm Tech I', 'acdt_117_pde', 'ACDT 117 - Info & Comm Tech I', 1, 6),
(146, 'ACDT 112 - Safety in Workshop Practices', 'acdt_112_pde', 'ACDT 112 - Safety in Workshop Practices', 1, 6),
(147, 'ACDT 125 - Intro to Computer-Aided-Design', 'acdt_125_pde', 'ACDT 125 - Intro to Computer-Aided-Design', 2, 6),
(148, 'BPDE 122 - Workshop Practices', 'bpde_122', 'BPDE 122 - Workshop Practices', 2, 6),
(149, 'BPDE 123 - Orthographic and Isometric Projections', 'bpde_123', 'BPDE 123 - Orthographic and Isometric Projections', 2, 6),
(150, 'ACDT 126 - Communication Skills II', 'acdt_126_pde', 'ACDT 126 - Communication Skills II', 2, 6),
(151, 'BPDE 124 - Freehand Drawing Techniques', 'bpde_124', 'BPDE 124 - Freehand Drawing Techniques', 2, 6),
(152, 'BPDE 121 - Idea Development and Design Processes', 'bpde_121', 'BPDE 121 - Idea Development and Design Processes', 2, 6),
(153, 'ACDT 127 - Info & Comm Tech II', 'acdt_127_pde', 'ACDT 127 - Info & Comm Tech II', 2, 6),
(154, 'BPDE 235 - Manufacturing Processes 1', 'bpde_235_pde', 'BPDE 235 - Manufacturing Processes 1', 1, 6),
(155, 'BPDE 231 - Intro to Modelling', 'bpde_231_pde', 'BPDE 231 - Intro to Modelling', 1, 6),
(156, 'BPDE 236 - Three-Dimensional in Computing', 'bpde_236_pde', 'BPDE 236 - Three-Dimensional in Computing', 1, 6),
(157, 'BPDE 234 - Nature of Materials & Processes', 'bpde_234', 'BPDE 234 - Nature of Materials & Processes', 1, 6),
(158, 'BPDE 233 - Perspective Drawing', 'bpde_233_pde', 'BPDE 233 - Perspective Drawing', 1, 6),
(159, 'ACDT 231 - Intro to Entrepreneurship', 'acdt_231_pde', 'ACDT 231 - Intro to Entrepreneurship', 1, 6),
(160, 'BPDE 232 - Product Design Methods', 'bpde_232_pde', 'BPDE 232 - Product Design Methods', 1, 6),
(161, 'BPDE 241 - Design for Use', 'bpde_241_pde', 'BPDE 241 - Design for Use', 1, 6),
(162, 'BPDE 245 - Objects and Impacts', 'bpde_245_pde', 'BPDE 245 - Objects and Impacts', 1, 6),
(163, 'BPDE 246 - Advanced Computer Application', 'bpde_246_pde', 'BPDE 246 - Advanced Computer Application', 1, 6),
(164, 'BPDE 242 - Visual Communication and Package Design', 'bpde_242', 'BPDE 242 - Visual Communication and Package Design', 1, 6),
(165, 'BPDE 244 - Contextual Nature of Products', 'bpde_244_pde', 'BPDE 244 - Contextual Nature of Products', 1, 6),
(166, 'BPDE 243 - Ergonomics and Human Factors Applications', 'bpde_243_pde', 'BPDE 243 - Ergonomics and Human Factors Applications', 1, 6),
(167, 'BPDE 247 - New Venture Creation', 'bpde_247_pde', 'BPDE 247 - New Venture Creation', 1, 6),
(168, 'BPDE 354 - Design and Development', 'bpde_354_pde', 'BPDE 354 - Design and Development', 1, 6),
(169, 'BPDE 351 - Practical Model Making Techniques', 'bpde_351_pde', 'BPDE 351 - Practical Model Making Techniques', 1, 6),
(170, 'BPDE 352 - Product Interface Design', 'bpde_352_pde', 'BPDE 352 - Product Interface Design', 1, 6),
(171, 'ACDT 356 - Business Management and Sustainability', 'acdt_356_pde', 'ACDT 356 - Business Management and Sustainability', 1, 6),
(172, 'BPDE 353 - Workshop Practice I', 'bpde_353_pde', 'BPDE 353 - Workshop Practice I', 1, 6),
(173, 'ACDT 115 - Intro to African Art & Culture', 'acdt_115_pde_dip', 'ACDT 115 - Intro to African Art & Culture', 1, 7),
(174, 'ACDT 116 - Communication Skills I', 'acdt_116_pde_dip', 'ACDT 116 - Communication Skills I', 1, 7),
(175, 'DPD 113 - Foundations in Technical Drawing', 'dpd_113', 'DPD 113 - Foundations in Technical Drawing', 1, 7),
(176, 'DPD 114 - Idea Development and Design Processes', 'dpd_114', 'DPD 114 - Idea Development and Design Processes', 1, 7),
(177, 'DPD 111 - Intro to Industrial/Product Design', 'dpd_111', 'DPD 111 - Intro to Industrial/Product Design', 1, 7),
(178, 'ACDT 117 - Info & Comm Tech I', 'acdt_117_pde_dip', 'ACDT 117 - Info & Comm Tech I', 1, 7),
(179, 'ACDT 112 - Safety in Workshop Practices', 'acdt_112_pde_dip', 'ACDT 112 - Safety in Workshop Practices', 1, 7);

-- Assign wms_lems_lecturers to wms_lems_courses
INSERT INTO wms_lems_course_lecturers (course_id, lecturer_id) VALUES
(1, 1),
(2, 3),
(3, 2),
(4, 2),
(5, 4),
(6, 5),
(7, 6),
(8, 7),
(9, 5),
(10, 6),
(11, 5),
(12, 7),
(13, 6),
(14, 6),
(15, 3),
(16, 4),
(17, 6),
(18, 5),
(19, 7),
(20, 5),
(21, 7),
(22, 6),
(23, 5),
(24, 7),
(25, 6),
(26, 5),
(27, 7),
(28, 5),
(29, 4),
(30, 4),
(31, 5),
(32, 7),
(33, 6),
(34, 4),
(35, 5),
(36, 16),
(37, 1),
(38, 14),
(39, 1),
(41, 16),
(42, 16),
(43, 4),
(44, 16),
(45, 5),
(46, 7),
(47, 14),
(48, 1),
(49, 3),
(50, 8),
(51, 2),
(52, 9),
(53, 4),
(54, 11),
(55, 10),
(56, 10),
(57, 9),
(58, 9),
(59, 3),
(60, 12),
(61, 11),
(62, 4),
(63, 12),
(64, 13),
(65, 9),
(66, 9),
(67, 10),
(68, 11),
(69, 9),
(70, 14),
(71, 11),
(72, 10),
(73, 11),
(74, 11),
(75, 10),
(76, 13),
(77, 15),
(78, 15),
(79, 14),
(80, 14),
(81, 12),
(82, 10),
(83, 11),
(84, 8),
(85, 9),
(86, 1),
(87, 14),
(88, 1),
(90, 12),
(91, 11),
(92, 10),
(93, 20),
(94, 14),
(95, 20),
(96, 10),
(97, 20),
(98, 20),
(99, 1),
(100, 3),
(101, 19),
(102, 2),
(103, 1),
(104, 4),
(105, 16),
(106, 14),
(107, 16),
(108, 13),
(109, 21),
(110, 21),
(111, 16),
(112, 1),
(113, 21),
(114, 16),
(115, 13),
(116, 16),
(117, 16),
(118, 21),
(119, 14),
(120, 16),
(121, 21),
(122, 1),
(123, 21),
(124, 14),
(125, 1),
(125, 16),
(125, 21),
(126, 1),
(128, 1),
(129, 3),
(130, 19),
(131, 2),
(132, 1),
(133, 4),
(134, 16),
(135, 16),
(136, 13),
(137, 21),
(138, 21),
(139, 17),
(140, 1),
(141, 3),
(142, 19),
(143, 2),
(144, 13),
(145, 4),
(146, 16),
(147, 2),
(148, 18),
(149, 19),
(150, 3),
(151, 2),
(152, 13),
(153, 4),
(154, 18),
(155, 13),
(156, 2),
(157, 18),
(158, 2),
(159, 14),
(160, 13),
(161, 2),
(162, 2),
(163, 13),
(164, 5),
(165, 13),
(166, 2),
(167, 14),
(168, 13),
(169, 18),
(170, 2),
(171, 14),
(172, 18),
(173, 1),
(174, 3),
(175, 19),
(176, 13),
(177, 13),
(178, 4),
(179, 16);



